{
  "type": "service_account",
  "project_id": "vepl-rfq",
  "private_key_id": "a708784b170f02883fc545ff766c4bb310b2fb0",
  "private_key": "-----BEGIN PRIVATE KEY-----\nMIIBVgIBADANBgkqhkiG9w0BAQEFAASCATUwggE9AgEAAkEAqlmTktyYlb2PCU+j\n6Q6luh3GtY6a4EzTHcPpvKVtT7i0L4LIl41Qv5FDG5S+QT4Jiix62CqhrglVljJ7\nFs+V4wIDAQABAkA8moCCqJ5pI+YQvTncDiIm+weY8XfGOAlqgf89BVL6Vt1PktwY\n93S5tE15wDbqrge1nAvsBkVLyI1xvXr8gGuxAiEA2vr7qXe++pOFBH8Q2yqR6YKB\nALME9yeymqfR0Y/yoh0CIQDQstTt/93R3N/YWWMHt4esGXz8kpdJbiy59i+BoG+R\nDwIhAJXih2nXNn8WnbYxB6IOdX+zOcjQU8b0pMPS3e+W02QbAiEAks+rOFqABavI\n9624YyJcTRixmrAF5MA02/yrjQq7d10CIGQjXcxzBypDePnnx3OwTB5DuN8GP6hC\nweU9cpRAtIIi\n-----END PRIVATE KEY-----\n",
  "client_email": "vepl-rfq-service@vepl-rfq.iam.gserviceaccount.com",
  "client_id": "1040023244595227519482",
  "auth_uri": "https://accounts.google.com/o/oauth2/auth",
  "token_uri": "https://oauth2.googleapis.com/token",
  "auth_provider_x509_cert_url": "https://www.googleapis.com/oauth2/v1/certs",
  "client_x509_cert_url": "https://www.googleapis.com/robot/v1/metadata/x509/vepl-rfq-service%40vepl-rfq.iam.gserviceaccount.com",
  "universe_domain": "googleapis.com"
}
